Ticker,2026-03-16 (Price),2026-03-16 (Var),2026-03-17 (Price),2026-03-17 (Var),2026-03-18 (Price),2026-03-18 (Var),2026-03-19 (Price),2026-03-19 (Var),2026-03-20 (Price),2026-03-20 (Var),2026-03-21 (Price),2026-03-21 (Var),2026-03-22 (Price),2026-03-22 (Var),2026-03-23 (Price),2026-03-23 (Var),2026-03-24 (Price),2026-03-24 (Var),2026-03-25 (Price),2026-03-25 (Var),2026-03-27 (Price),2026-03-27 (Var),2026-03-28 (Price),2026-03-28 (Var),2026-03-29 (Price),2026-03-29 (Var),2026-03-30 (Price),2026-03-30 (Var),2026-03-31 (Price),2026-03-31 (Var),2026-04-01 (Price),2026-04-01 (Var),2026-04-02 (Price),2026-04-02 (Var),2026-04-03 (Price),2026-04-03 (Var),2026-04-04 (Price),2026-04-04 (Var),2026-04-05 (Price),2026-04-05 (Var)
AALR3,4.2,0%,4.12,-1.9%,3.88,-5.83%,3.86,-0.52%,3.77,-2.33%,3.69,-2.12%,3.69,0%,3.69,0%,3.98,7.86%,4,0.5%,4.2,5%,4.15,-1.19%,4.15,0%,4.15,0%,3.99,-3.86%,3.97,-0.5%,3.95,-0.5%,3.99,1.01%,3.99,0%,3.99,0%
ABCB4,25.73,0%,26.2,1.83%,26.01,-0.73%,25.82,-0.73%,25.63,-0.74%,25.19,-1.72%,25.19,0%,25.19,0%,25.67,1.91%,25.22,-1.75%,25.22,0%,24.81,-1.63%,24.81,0%,24.81,0%,24.72,-0.36%,25.4,2.75%,26.22,3.23%,26.03,-0.72%,26.03,0%,26.03,0%
AGRO3,22.3,0%,22.48,0.81%,22.26,-0.98%,20.61,-7.41%,21.7,5.29%,21,-3.23%,21,0%,21,0%,20.86,-0.67%,20.77,-0.43%,20.25,-2.5%,20.59,1.68%,20.59,0%,20.59,0%,21,1.99%,21.56,2.67%,20.78,-3.62%,20.73,-0.24%,20.73,0%,20.73,0%
ALLD3,7.35,0%,7.45,1.36%,7.42,-0.4%,7.28,-1.89%,7.23,-0.69%,7.23,0%,7.23,0%,7.23,0%,7.47,3.32%,7.72,3.35%,7.06,-8.55%,6.94,-1.7%,6.94,0%,6.94,0%,6.87,-1.01%,6.81,-0.87%,6.97,2.35%,6.97,0%,6.97,0%,6.97,0%
ALOS3,28.92,0%,29.5,2.01%,29.55,0.17%,29.73,0.61%,29.75,0.07%,28.8,-3.19%,28.8,0%,28.8,0%,29.89,3.78%,29.85,-0.13%,29.6,-0.84%,29.2,-1.35%,29.2,0%,29.2,0%,29.01,-0.65%,30.34,4.58%,30.98,2.11%,30.3,-2.19%,30.3,0%,30.3,0%
ALUP11,34.48,0%,34.83,1.02%,34.27,-1.61%,33.77,-1.46%,34.04,0.8%,33.53,-1.5%,33.53,0%,33.53,0%,34.62,3.25%,34.45,-0.49%,34.77,0.93%,34.68,-0.26%,34.68,0%,34.68,0%,34.64,-0.12%,35.18,1.56%,35.37,0.54%,35.76,1.1%,35.76,0%,35.76,0%
AMOB3,11.74,0%,11.66,-0.68%,10.91,-6.43%,11.25,3.12%,11.25,0%,11.28,0.27%,11.28,0%,11.28,0%,12.03,6.65%,12.25,1.83%,12.16,-0.73%,11.87,-2.38%,11.87,0%,11.87,0%,12.32,3.79%,12.9,4.71%,13.8,6.98%,13.91,0.8%,13.91,0%,13.91,0%
ANIM3,4.08,0%,4.07,-0.25%,4.03,-0.98%,3.93,-2.48%,3.89,-1.02%,3.8,-2.31%,3.8,0%,3.8,0%,4.11,8.16%,4.11,0%,4.16,1.22%,4.01,-3.61%,4.01,0%,4.01,0%,4.05,1%,4.3,6.17%,4.55,5.81%,4.44,-2.42%,4.44,0%,4.44,0%
ARML3,4.7,0%,4.96,5.53%,4.86,-2.02%,4.8,-1.23%,4.79,-0.21%,4.44,-7.31%,4.44,0%,4.44,0%,5.16,16.22%,5.05,-2.13%,5.26,4.16%,4.98,-5.32%,4.98,0%,4.98,0%,4.85,-2.61%,4.92,1.44%,5.48,11.38%,5.4,-1.46%,5.4,0%,5.4,0%
AURA33,133.1,0%,132,-0.83%,136.5,3.41%,124.75,-8.61%,115.02,-7.8%,107.67,-6.39%,107.67,0%,107.67,0%,113.3,5.23%,115.98,2.37%,115,-0.84%,121.03,5.24%,121.03,0%,121.03,0%,123,1.63%,139.88,13.72%,148,5.8%,152.36,2.95%,152.36,0%,152.36,0%
AURE3,11.66,0%,11.88,1.89%,11.78,-0.84%,11.58,-1.7%,11.84,2.25%,11.3,-4.56%,11.3,0%,11.3,0%,11.83,4.69%,11.66,-1.44%,11.53,-1.11%,11.46,-0.61%,11.46,0%,11.46,0%,11.63,1.48%,11.94,2.67%,12.03,0.75%,12.57,4.49%,12.57,0%,12.57,0%
AZZA3,27.52,0%,28.04,1.89%,28,-0.14%,27.11,-3.18%,27.5,1.44%,26.62,-3.2%,26.62,0%,26.62,0%,27.58,3.61%,26.8,-2.83%,25.11,-6.31%,24.37,-2.95%,24.37,0%,24.37,0%,24.93,2.3%,25.7,3.09%,25.45,-0.97%,25.16,-1.14%,25.16,0%,25.16,0%
B3SA3,16.88,0%,17.35,2.78%,17.6,1.44%,17.12,-2.73%,16.92,-1.17%,16.19,-4.31%,16.19,0%,16.19,0%,17.26,6.61%,17.38,0.7%,17.77,2.24%,17.21,-3.15%,17.21,0%,17.21,0%,17.04,-0.99%,18.4,7.98%,18.52,0.65%,18.59,0.38%,18.59,0%,18.59,0%
BAZA3,83.67,0%,84.19,0.62%,84.25,0.07%,83.55,-0.83%,83.53,-0.02%,83.32,-0.25%,83.32,0%,83.32,0%,83.36,0.05%,83.45,0.11%,82.5,-1.14%,82.28,-0.27%,82.28,0%,82.28,0%,83.06,0.95%,83.22,0.19%,82.92,-0.36%,82.3,-0.75%,82.3,0%,82.3,0%
BBAS3,23.81,0%,23.9,0.38%,23.67,-0.96%,23.41,-1.1%,23.51,0.43%,23.27,-1.02%,23.27,0%,23.27,0%,23.96,2.97%,23.65,-1.29%,23.06,-2.49%,22.66,-1.73%,22.66,0%,22.66,0%,22.4,-1.15%,23,2.68%,23.63,2.74%,23.39,-1.02%,23.39,0%,23.39,0%
BBDC3,16.42,0%,16.42,0%,16.32,-0.61%,16.08,-1.47%,16.11,0.19%,15.81,-1.86%,15.81,0%,15.81,0%,16.44,3.98%,16.3,-0.85%,16.47,1.04%,16.23,-1.46%,16.23,0%,16.23,0%,16.24,0.06%,16.71,2.89%,16.97,1.56%,16.76,-1.24%,16.76,0%,16.76,0%
BBDC4,18.99,0%,19,0.05%,18.85,-0.79%,18.63,-1.17%,18.64,0.05%,18.33,-1.66%,18.33,0%,18.33,0%,19,3.66%,18.94,-0.32%,18.82,-0.63%,18.52,-1.59%,18.52,0%,18.52,0%,18.47,-0.27%,19.17,3.79%,19.43,1.36%,19.12,-1.6%,19.12,0%,19.12,0%
BBSE3,35.05,0%,34.88,-0.49%,34.92,0.11%,34.52,-1.15%,34.66,0.41%,34.09,-1.64%,34.09,0%,34.09,0%,34.65,1.64%,34.46,-0.55%,34.64,0.52%,34.4,-0.69%,34.4,0%,34.4,0%,34.3,-0.29%,34.81,1.49%,35.1,0.83%,35.43,0.94%,35.43,0%,35.43,0%
BEEF3,4.32,0%,4.39,1.62%,4.36,-0.68%,4.3,-1.38%,3.84,-10.7%,3.64,-5.21%,3.64,0%,3.64,0%,3.96,8.79%,4.15,4.8%,4.15,0%,4.07,-1.93%,4.07,0%,4.07,0%,4.14,1.72%,4.25,2.66%,4.34,2.12%,4.28,-1.38%,4.28,0%,4.28,0%
BHIA3,2.81,0%,2.92,3.91%,2.88,-1.37%,2.82,-2.08%,2.84,0.71%,2.76,-2.82%,2.76,0%,2.76,0%,2.87,3.99%,2.95,2.79%,2.9,-1.69%,2.83,-2.41%,2.83,0%,2.83,0%,2.81,-0.71%,2.88,2.49%,2.88,0%,2.86,-0.69%,2.86,0%,2.86,0%
BIOM3,,,,,,,,,,,,,,,,,,,,,7.16,0%,7.3,1.96%,7.3,0%,7.3,0%,8,9.59%,7.6,-5%,7.84,3.16%,7.65,-2.42%,7.65,0%,7.65,0%
BLAU3,9.94,0%,10.03,0.91%,10.01,-0.2%,9.67,-3.4%,9.8,1.34%,9.62,-1.84%,9.62,0%,9.62,0%,10.08,4.78%,9.91,-1.69%,10.09,1.82%,9.87,-2.18%,9.87,0%,9.87,0%,9.93,0.61%,10.26,3.32%,10.55,2.83%,10.59,0.38%,10.59,0%,10.59,0%
BMEB3,70.73,0%,70.59,-0.2%,66.21,-6.2%,65.5,-1.07%,67,2.29%,65.99,-1.51%,65.99,0%,65.99,0%,68.19,3.33%,65.76,-3.56%,65.93,0.26%,64.7,-1.87%,64.7,0%,64.7,0%,65,0.46%,64.77,-0.35%,65.5,1.13%,65.3,-0.31%,65.3,0%,65.3,0%
BMEB4,80,0%,78.41,-1.99%,76.6,-2.31%,80.23,4.74%,79.02,-1.51%,74.6,-5.59%,74.6,0%,74.6,0%,77.39,3.74%,75.07,-3%,73.6,-1.96%,72.09,-2.05%,72.09,0%,72.09,0%,72,-0.12%,74.15,2.99%,76.42,3.06%,76.77,0.46%,76.77,0%,76.77,0%
BMGB4,4.73,0%,4.99,5.5%,5.08,1.8%,5.02,-1.18%,4.95,-1.39%,4.85,-2.02%,4.85,0%,4.85,0%,5.07,4.54%,4.97,-1.97%,4.95,-0.4%,4.85,-2.02%,4.85,0%,4.85,0%,4.83,-0.41%,5,3.52%,5.28,5.6%,5.3,0.38%,5.3,0%,5.3,0%
BPAC11,55.11,0%,55.9,1.43%,56.1,0.36%,55.42,-1.21%,55.11,-0.56%,52.74,-4.3%,52.74,0%,52.74,0%,55.23,4.72%,55.63,0.72%,55.2,-0.77%,53.53,-3.03%,53.53,0%,53.53,0%,53.4,-0.24%,56.29,5.41%,57.6,2.33%,57.27,-0.57%,57.27,0%,57.27,0%
BPAC3,39.01,0%,40.53,3.9%,40.52,-0.02%,39.86,-1.63%,38.52,-3.36%,35.57,-7.66%,35.57,0%,35.57,0%,36.5,2.61%,35.6,-2.47%,34.61,-2.78%,34.2,-1.18%,34.2,0%,34.2,0%,32.64,-4.56%,33.92,3.92%,29.52,-12.97%,28.51,-3.42%,28.51,0%,28.51,0%
BPAC5,,,,,,,,,,,,,,,,,,,,,,,,,,,,,,,,,14.35,0%,15.3,6.62%,15.3,0%,15.3,0%
BPAN4,12.75,0%,12.75,0%,12.75,0%,12.75,0%,12.75,0%,12.75,0%,12.75,0%,12.75,0%,,,,,,,,,,,,,,,,,,,,,,,,
BRAP3,19.43,0%,19.4,-0.15%,19.49,0.46%,19.2,-1.49%,19.12,-0.42%,18.81,-1.62%,18.81,0%,18.81,0%,19.2,2.07%,19.42,1.15%,19.39,-0.15%,19.52,0.67%,19.52,0%,19.52,0%,19.46,-0.31%,19.83,1.9%,19.95,0.61%,19.99,0.2%,19.99,0%,19.99,0%
BRAP4,22.1,0%,22.45,1.58%,22.46,0.04%,22,-2.05%,21.79,-0.95%,21.36,-1.97%,21.36,0%,21.36,0%,22.02,3.09%,22.24,1%,22.26,0.09%,22.15,-0.49%,22.15,0%,22.15,0%,22.35,0.9%,23.06,3.18%,23.25,0.82%,23.38,0.56%,23.38,0%,23.38,0%
BRAV3,17.91,0%,18.64,4.08%,18.02,-3.33%,18.26,1.33%,17.47,-4.33%,16.89,-3.32%,16.89,0%,16.89,0%,17.5,3.61%,17.84,1.94%,19.87,11.38%,19.56,-1.56%,19.56,0%,19.56,0%,20.14,2.97%,20.57,2.14%,19.82,-3.65%,20.47,3.28%,20.47,0%,20.47,0%
BRSR6,16.92,0%,17.21,1.71%,17.16,-0.29%,17.02,-0.82%,17.15,0.76%,16.73,-2.45%,16.73,0%,16.73,0%,17.41,4.06%,17.33,-0.46%,17.25,-0.46%,16.74,-2.96%,16.74,0%,16.74,0%,16.54,-1.19%,17.25,4.29%,17.82,3.3%,17.85,0.17%,17.85,0%,17.85,0%
BSLI3,4.6,0%,4.73,2.83%,4.75,0.42%,4.66,-1.89%,4.55,-2.36%,4.53,-0.44%,4.53,0%,4.53,0%,4.47,-1.32%,4.31,-3.58%,4.15,-3.71%,4.2,1.2%,4.2,0%,4.2,0%,4.13,-1.67%,4.18,1.21%,4.05,-3.11%,4,-1.23%,4,0%,4,0%
CAMB3,,,,,9.62,0%,9.82,2.08%,9.41,-4.18%,9.23,-1.91%,9.23,0%,9.23,0%,9.72,5.31%,9.65,-0.72%,9.66,0.1%,9.69,0.31%,9.69,0%,9.69,0%,,,,,,,,,,,,
CAML3,5.93,0%,6.07,2.36%,6.02,-0.82%,5.83,-3.16%,5.74,-1.54%,5.47,-4.7%,5.47,0%,5.47,0%,5.71,4.39%,5.64,-1.23%,5.77,2.3%,5.67,-1.73%,5.67,0%,5.67,0%,5.8,2.29%,6.08,4.83%,6.54,7.57%,6.52,-0.31%,6.52,0%,6.52,0%
CASH3,3.26,0%,3.34,2.45%,3.32,-0.6%,3.24,-2.41%,3.62,11.73%,3.55,-1.93%,3.55,0%,3.55,0%,3.88,9.3%,3.71,-4.38%,3.64,-1.89%,3.55,-2.47%,3.55,0%,3.55,0%,3.56,0.28%,3.67,3.09%,3.75,2.18%,3.82,1.87%,3.82,0%,3.82,0%
CEAB3,11.12,0%,11.51,3.51%,11.61,0.87%,11.29,-2.76%,11.33,0.35%,11.23,-0.88%,11.23,0%,11.23,0%,11.9,5.97%,11.94,0.34%,12.18,2.01%,12,-1.48%,12,0%,12,0%,11.48,-4.33%,12.1,5.4%,12.21,0.91%,12.04,-1.39%,12.04,0%,12.04,0%
CGRA4,27.66,0%,26.6,-3.83%,26.65,0.19%,27,1.31%,26.8,-0.74%,26.76,-0.15%,26.76,0%,26.76,0%,26.76,0%,26.5,-0.97%,26.56,0.23%,26.3,-0.98%,26.3,0%,26.3,0%,26.3,0%,26.52,0.84%,26.58,0.23%,26.47,-0.41%,26.47,0%,26.47,0%
CLSC4,144.76,0%,144.33,-0.3%,143.99,-0.24%,144.7,0.49%,145.3,0.41%,144.66,-0.44%,144.66,0%,144.66,0%,146.1,1%,146.21,0.08%,144.06,-1.47%,145.89,1.27%,145.89,0%,145.89,0%,144.49,-0.96%,144.49,0%,144.07,-0.29%,143.99,-0.06%,143.99,0%,143.99,0%
CMIG3,15.5,0%,15.64,0.9%,15.62,-0.13%,15.6,-0.13%,15.85,1.6%,15.99,0.88%,15.99,0%,15.99,0%,16.47,3%,16.32,-0.91%,16.6,1.72%,16.62,0.12%,16.62,0%,16.62,0%,16.42,-1.2%,16.75,2.01%,16.82,0.42%,17.1,1.66%,17.1,0%,17.1,0%
CMIG4,11.72,0%,11.95,1.96%,11.92,-0.25%,11.81,-0.92%,12.19,3.22%,12.24,0.41%,12.24,0%,12.24,0%,12.46,1.8%,12.34,-0.96%,12.3,-0.32%,12.32,0.16%,12.32,0%,12.32,0%,12.31,-0.08%,12.61,2.44%,12.63,0.16%,12.76,1.03%,12.76,0%,12.76,0%
CMIN3,4.84,0%,4.9,1.24%,4.92,0.41%,4.81,-2.24%,4.84,0.62%,4.75,-1.86%,4.75,0%,4.75,0%,4.89,2.95%,5.03,2.86%,4.91,-2.39%,4.85,-1.22%,4.85,0%,4.85,0%,4.86,0.21%,4.95,1.85%,4.95,0%,4.92,-0.61%,4.92,0%,4.92,0%
COCE5,31.38,0%,30.85,-1.69%,31.15,0.97%,30.75,-1.28%,31.53,2.54%,31.42,-0.35%,31.42,0%,31.42,0%,31.02,-1.27%,30.86,-0.52%,31.09,0.75%,31.15,0.19%,31.15,0%,31.15,0%,31.13,-0.06%,31.32,0.61%,31,-1.02%,31.5,1.61%,31.5,0%,31.5,0%
COGN3,2.95,0%,2.98,1.02%,2.92,-2.01%,2.85,-2.4%,2.83,-0.7%,2.81,-0.71%,2.81,0%,2.81,0%,2.97,5.69%,3,1.01%,3.04,1.33%,2.97,-2.3%,2.97,0%,2.97,0%,2.99,0.67%,3.16,5.69%,3.21,1.58%,3.18,-0.93%,3.18,0%,3.18,0%
CPFE3,48.15,0%,48.77,1.29%,48.71,-0.12%,47.98,-1.5%,47.62,-0.75%,45.66,-4.12%,45.66,0%,45.66,0%,47.15,3.26%,46.88,-0.57%,46.66,-0.47%,46.85,0.41%,46.85,0%,46.85,0%,47.66,1.73%,48.76,2.31%,48.51,-0.51%,49.25,1.53%,49.25,0%,49.25,0%
CSAN3,5.42,0%,5.45,0.55%,5.22,-4.22%,5.19,-0.57%,5.24,0.96%,5.1,-2.67%,5.1,0%,5.1,0%,5.35,4.9%,5.32,-0.56%,5.25,-1.32%,5.11,-2.67%,5.11,0%,5.11,0%,5.07,-0.78%,5.38,6.11%,5.43,0.93%,5.37,-1.1%,5.37,0%,5.37,0%
CSED3,5.99,0%,6.13,2.34%,6.02,-1.79%,6,-0.33%,5.83,-2.83%,5.75,-1.37%,5.75,0%,5.75,0%,5.96,3.65%,6,0.67%,5.51,-8.17%,5.51,0%,5.51,0%,5.51,0%,5.31,-3.63%,5.35,0.75%,5.49,2.62%,5.55,1.09%,5.55,0%,5.55,0%
CSMG3,52.07,0%,53.32,2.4%,54.57,2.34%,54.2,-0.68%,55.34,2.1%,53.45,-3.42%,53.45,0%,53.45,0%,55.06,3.01%,54.72,-0.62%,,,,,,,,,,,,,,,,,,,,
CSNA3,5.72,0%,6.03,5.42%,6.34,5.14%,6.06,-4.42%,6.09,0.5%,5.99,-1.64%,5.99,0%,5.99,0%,6.54,9.18%,6.57,0.46%,6.44,-1.98%,6.18,-4.04%,6.18,0%,6.18,0%,6.14,-0.65%,6.33,3.09%,6.52,3%,6.47,-0.77%,6.47,0%,6.47,0%
CSUD3,18.4,0%,18.54,0.76%,18.16,-2.05%,18.08,-0.44%,18.01,-0.39%,17.74,-1.5%,17.74,0%,17.74,0%,17.71,-0.17%,18,1.64%,17.74,-1.44%,17.62,-0.68%,17.62,0%,17.62,0%,17.63,0.06%,17.82,1.08%,17.87,0.28%,17.97,0.56%,17.97,0%,17.97,0%
CURY3,35.94,0%,36.49,1.53%,36.3,-0.52%,35.24,-2.92%,34.24,-2.84%,33.06,-3.45%,33.06,0%,33.06,0%,35.15,6.32%,35.55,1.14%,35.55,0%,33.93,-4.56%,33.93,0%,33.93,0%,34.25,0.94%,35.38,3.3%,36.91,4.32%,36.1,-2.19%,36.1,0%,36.1,0%
CVCB3,,,,,,,,,,,,,,,,,2.12,0%,2.12,0%,2.08,-1.89%,,,,,,,,,,,2.01,-3.37%,2.01,0%,2.01,0%,2.01,0%
CXSE3,18.14,0%,18.35,1.16%,18.34,-0.05%,18.05,-1.58%,18.1,0.28%,17.35,-4.14%,17.35,0%,17.35,0%,17.73,2.19%,17.62,-0.62%,17.51,-0.62%,17.42,-0.51%,17.42,0%,17.42,0%,17.42,0%,18.35,5.34%,18.35,0%,18.46,0.6%,18.46,0%,18.46,0%
CYRE3,26.58,0%,26.99,1.54%,27.4,1.52%,27.3,-0.36%,27.11,-0.7%,25.05,-7.6%,25.05,0%,25.05,0%,27.22,8.66%,27.21,-0.04%,27.45,0.88%,25.93,-5.54%,25.93,0%,25.93,0%,26.56,2.43%,27.32,2.86%,28.52,4.39%,27.52,-3.51%,27.52,0%,27.52,0%
CYRE4,24.9,0%,25.46,2.25%,25.97,2%,25.74,-0.89%,25.53,-0.82%,23.25,-8.93%,23.25,0%,23.25,0%,25.46,9.51%,25.59,0.51%,25.15,-1.72%,23.5,-6.56%,23.5,0%,23.5,0%,24.14,2.72%,25.29,4.76%,26.49,4.74%,25.58,-3.44%,25.58,0%,25.58,0%
DASA3,3.45,0%,3.56,3.19%,3.54,-0.56%,3.42,-3.39%,3.36,-1.75%,3.12,-7.14%,3.12,0%,3.12,0%,3.64,16.67%,3.71,1.92%,3.41,-8.09%,2.78,-18.48%,2.78,0%,2.78,0%,2.63,-5.4%,2.92,11.03%,3.08,5.48%,3.24,5.19%,3.24,0%,3.24,0%
DESK3,14.01,0%,14.23,1.57%,13.72,-3.58%,14,2.04%,14.45,3.21%,14.4,-0.35%,14.4,0%,14.4,0%,17.75,23.26%,17.8,0.28%,17.81,0.06%,17.98,0.95%,17.98,0%,17.98,0%,17.87,-0.61%,18.14,1.51%,17.89,-1.38%,18,0.61%,18,0%,18,0%
DEXP3,7.15,0%,7.25,1.4%,7.16,-1.24%,7.04,-1.68%,7,-0.57%,7.1,1.43%,7.1,0%,7.1,0%,7.17,0.99%,7.21,0.56%,7.09,-1.66%,7.01,-1.13%,7.01,0%,7.01,0%,7.05,0.57%,7.14,1.28%,7.07,-0.98%,7.01,-0.85%,7.01,0%,7.01,0%
DIRR3,13.51,0%,13.99,3.55%,13.93,-0.43%,13.9,-0.22%,13.89,-0.07%,13.41,-3.46%,13.41,0%,13.41,0%,14.09,5.07%,13.99,-0.71%,13.31,-4.86%,12.97,-2.55%,12.97,0%,12.97,0%,12.91,-0.46%,13.3,3.02%,13.58,2.11%,13.37,-1.55%,13.37,0%,13.37,0%
ECOR3,9,0%,9.18,2%,9.1,-0.87%,8.79,-3.41%,8.58,-2.39%,7.81,-8.97%,7.81,0%,7.81,0%,8.38,7.3%,8.19,-2.27%,8.27,0.98%,8,-3.26%,8,0%,8,0%,8.28,3.5%,8.43,1.81%,9.05,7.35%,9.18,1.44%,9.18,0%,9.18,0%
ENGI11,52.26,0%,52.85,1.13%,51.61,-2.35%,50.51,-2.13%,51.03,1.03%,48.84,-4.29%,48.84,0%,48.84,0%,50.51,3.42%,50.3,-0.42%,50.3,0%,49.82,-0.95%,49.82,0%,49.82,0%,50.28,0.92%,52.46,4.34%,53,1.03%,53.22,0.42%,53.22,0%,53.22,0%
EQTL3,40,0%,40.54,1.35%,40.56,0.05%,40.13,-1.06%,41.3,2.92%,39.98,-3.2%,39.98,0%,39.98,0%,41.36,3.45%,41.17,-0.46%,40,-2.84%,39.08,-2.3%,39.08,0%,39.08,0%,39.6,1.33%,40.77,2.95%,40.61,-0.39%,40.5,-0.27%,40.5,0%,40.5,0%
ETER3,3.74,0%,3.77,0.8%,3.8,0.8%,3.79,-0.26%,3.76,-0.79%,3.74,-0.53%,3.74,0%,3.74,0%,3.79,1.34%,3.82,0.79%,4.1,7.33%,4.04,-1.46%,4.04,0%,4.04,0%,4.22,4.46%,3.97,-5.92%,4.04,1.76%,4.02,-0.5%,4.02,0%,4.02,0%
EUCA4,19.58,0%,19.7,0.61%,20.59,4.52%,20.16,-2.09%,20.29,0.64%,20.71,2.07%,20.71,0%,20.71,0%,20,-3.43%,20.18,0.9%,20.4,1.09%,20.55,0.74%,20.55,0%,20.55,0%,20.39,-0.78%,20.4,0.05%,21.39,4.85%,21.45,0.28%,21.45,0%,21.45,0%
EVEN3,6.99,0%,7.03,0.57%,7.04,0.14%,6.99,-0.71%,7.09,1.43%,6.9,-2.68%,6.9,0%,6.9,0%,7.29,5.65%,7.09,-2.74%,7,-1.27%,6.93,-1%,6.93,0%,6.93,0%,7.09,2.31%,7.28,2.68%,7.08,-2.75%,7.11,0.42%,7.11,0%,7.11,0%
EZTC3,13.48,0%,13.63,1.11%,13.53,-0.73%,13.51,-0.15%,13.68,1.26%,13.21,-3.44%,13.21,0%,13.21,0%,13.86,4.92%,13.89,0.22%,13.77,-0.86%,13.38,-2.83%,13.38,0%,13.38,0%,13.46,0.6%,13.98,3.86%,14.22,1.72%,14.18,-0.28%,14.18,0%,14.18,0%
FESA4,7.41,0%,7.45,0.54%,7.39,-0.81%,7.24,-2.03%,7.27,0.41%,7.26,-0.14%,7.26,0%,7.26,0%,7.64,5.23%,7.66,0.26%,7.76,1.31%,7.68,-1.03%,7.68,0%,7.68,0%,7.86,2.34%,8.21,4.45%,8.45,2.92%,8.32,-1.54%,8.32,0%,8.32,0%
FIQE3,5.36,0%,5.5,2.61%,5.46,-0.73%,5.35,-2.01%,5.76,7.66%,5.66,-1.74%,5.66,0%,5.66,0%,6.09,7.6%,6.48,6.4%,6.63,2.31%,6.67,0.6%,6.67,0%,6.67,0%,6.54,-1.95%,7.01,7.19%,7.03,0.29%,6.86,-2.42%,6.86,0%,6.86,0%
FLRY3,15.39,0%,15.55,1.04%,15.49,-0.39%,15.34,-0.97%,15.34,0%,14.91,-2.8%,14.91,0%,14.91,0%,15.56,4.36%,15.4,-1.03%,15.45,0.32%,15.4,-0.32%,15.4,0%,15.4,0%,15.68,1.82%,15.93,1.59%,16.03,0.63%,15.88,-0.94%,15.88,0%,15.88,0%
FRAS3,21.2,0%,21.2,0%,21.39,0.9%,21.21,-0.84%,21.08,-0.61%,20.85,-1.09%,20.85,0%,20.85,0%,,,,,,,21.3,2.16%,21.3,0%,21.3,0%,,,,,,,,,,,,
GGBR3,15.64,0%,,,,,,,,,,,,,,,,,,,,,,,,,,,,,,,,,,,,,,
GMAT3,5.13,0%,5.02,-2.14%,4.96,-1.2%,4.85,-2.22%,4.15,-14.43%,4.15,0%,4.15,0%,4.15,0%,4.48,7.95%,4.42,-1.34%,4.69,6.11%,4.53,-3.41%,4.53,0%,4.53,0%,4.5,-0.66%,4.7,4.44%,4.66,-0.85%,4.6,-1.29%,4.6,0%,4.6,0%
GOAU3,,,,,,,,,,,7.76,0%,7.76,0%,7.76,0%,,,,,,,,,,,,,,,,,,,,,,,,
GRND3,4.54,0%,4.57,0.66%,4.57,0%,4.57,0%,4.68,2.41%,4.62,-1.28%,4.62,0%,4.62,0%,4.7,1.73%,4.67,-0.64%,4.66,-0.21%,4.63,-0.64%,4.63,0%,4.63,0%,4.64,0.22%,4.74,2.16%,4.67,-1.48%,4.64,-0.64%,4.64,0%,4.64,0%
HAPV3,8.67,0%,8.88,2.42%,8.62,-2.93%,8.21,-4.76%,9.44,14.98%,8.96,-5.08%,8.96,0%,8.96,0%,9.44,5.36%,9.6,1.69%,9.94,3.54%,9.69,-2.52%,9.69,0%,9.69,0%,9.93,2.48%,10.1,1.71%,10.48,3.76%,10.62,1.34%,10.62,0%,10.62,0%
HBOR3,2.68,0%,2.74,2.24%,2.75,0.36%,2.63,-4.36%,2.62,-0.38%,2.66,1.53%,2.66,0%,2.66,0%,2.92,9.77%,2.72,-6.85%,2.51,-7.72%,2.27,-9.56%,2.27,0%,2.27,0%,2.33,2.64%,2.38,2.15%,2.47,3.78%,2.43,-1.62%,2.43,0%,2.43,0%
HBRE3,2.8,0%,2.97,6.07%,3.01,1.35%,2.82,-6.31%,2.87,1.77%,2.77,-3.48%,2.77,0%,2.77,0%,2.93,5.78%,2.96,1.02%,2.9,-2.03%,2.78,-4.14%,2.78,0%,2.78,0%,2.86,2.88%,2.95,3.15%,2.99,1.36%,3.01,0.67%,3.01,0%,3.01,0%
HBSA3,3.78,0%,3.86,2.12%,3.77,-2.33%,3.74,-0.8%,3.79,1.34%,3.73,-1.58%,3.73,0%,3.73,0%,3.94,5.63%,4.04,2.54%,4.08,0.99%,3.95,-3.19%,3.95,0%,3.95,0%,3.97,0.51%,4.08,2.77%,4.1,0.49%,4.03,-1.71%,4.03,0%,4.03,0%
HYPE3,,,,,,,,,,,,,,,,,,,,,23.13,0%,22.15,-4.24%,22.15,0%,22.15,0%,22.06,-0.41%,,,,,,,,,,
INTB3,13.97,0%,14.44,3.36%,14.82,2.63%,14.74,-0.54%,14.36,-2.58%,13.95,-2.86%,13.95,0%,13.95,0%,14.72,5.52%,14.84,0.82%,13.99,-5.73%,13.8,-1.36%,13.8,0%,13.8,0%,13.91,0.8%,14.65,5.32%,14.7,0.34%,14.7,0%,14.7,0%,14.7,0%
ISAE4,27.68,0%,28.21,1.91%,28.22,0.04%,28.04,-0.64%,28.07,0.11%,27.24,-2.96%,27.24,0%,27.24,0%,28.37,4.15%,28.31,-0.21%,28.59,0.99%,27.97,-2.17%,27.97,0%,27.97,0%,28.26,1.04%,29.09,2.94%,28.83,-0.89%,28.83,0%,28.83,0%,28.83,0%
ITSA3,13.18,0%,,,,,,,,,13.11,-0.53%,13.11,0%,13.11,0%,,,,,,,,,,,,,,,,,,,,,,,,
ITSA4,13.16,0%,,,,,,,,,13.1,-0.46%,13.1,0%,13.1,0%,,,,,,,,,,,,,,,,,,,,,,,,
ITUB3,41.03,0%,41.64,1.49%,41.6,-0.1%,41.14,-1.11%,41.48,0.83%,40.49,-2.39%,40.49,0%,40.49,0%,41.78,3.19%,41.37,-0.98%,40.75,-1.5%,40.71,-0.1%,40.71,0%,40.71,0%,41.23,1.28%,42.82,3.86%,43.2,0.89%,42.65,-1.27%,42.65,0%,42.65,0%
ITUB4,42.4,0%,43,1.42%,42.71,-0.67%,42.28,-1.01%,42.58,0.71%,41.55,-2.42%,41.55,0%,41.55,0%,42.78,2.96%,42.54,-0.56%,41.94,-1.41%,41.45,-1.17%,41.45,0%,41.45,0%,41.6,0.36%,43.48,4.52%,43.83,0.8%,43.3,-1.21%,43.3,0%,43.3,0%
JHSF3,8.6,0%,8.92,3.72%,8.84,-0.9%,8.9,0.68%,8.8,-1.12%,8.34,-5.23%,8.34,0%,8.34,0%,8.9,6.71%,8.65,-2.81%,8.59,-0.69%,8.53,-0.7%,8.53,0%,8.53,0%,8.66,1.52%,9.27,7.04%,9.68,4.42%,9.94,2.69%,9.94,0%,9.94,0%
KEPL3,7.69,0%,7.74,0.65%,7.83,1.16%,7.72,-1.4%,7.74,0.26%,7.77,0.39%,7.77,0%,7.77,0%,8.14,4.76%,8.63,6.02%,8.4,-2.67%,8.2,-2.38%,8.2,0%,8.2,0%,8.1,-1.22%,8.21,1.36%,8.21,0%,8.24,0.37%,8.24,0%,8.24,0%
LAND3,8.61,0%,,,,,,,,,,,,,,,,,,,,,,,,,,,,,,,,,,,,,,
LAVV3,15.31,0%,15.32,0.07%,15.02,-1.96%,14.84,-1.2%,14.28,-3.77%,13.69,-4.13%,13.69,0%,13.69,0%,14.33,4.67%,13.93,-2.79%,13.76,-1.22%,13.62,-1.02%,13.62,0%,13.62,0%,13.72,0.73%,14.26,3.94%,14.33,0.49%,14.32,-0.07%,14.32,0%,14.32,0%
LEVE3,34.44,0%,34.92,1.39%,34.49,-1.23%,34.32,-0.49%,34.81,1.43%,34.58,-0.66%,34.58,0%,34.58,0%,35.43,2.46%,35.12,-0.87%,34.48,-1.82%,34.21,-0.78%,34.21,0%,34.21,0%,34.15,-0.18%,34.99,2.46%,35.14,0.43%,35.12,-0.06%,35.12,0%,35.12,0%
LIGT3,4.5,0%,4.65,3.33%,4.75,2.15%,4.7,-1.05%,4.67,-0.64%,,,,,,,,,,,,,,,,,,,,,,,,,,,,,,
LJQQ3,,,,,,,,,,,,,,,,,2.05,0%,,,,,,,,,,,,,,,2.05,0%,2.01,-1.95%,2.01,0%,2.01,0%
LOGG3,26.32,0%,26.67,1.33%,26.85,0.67%,26.67,-0.67%,26.69,0.07%,26.21,-1.8%,26.21,0%,26.21,0%,27.5,4.92%,27.15,-1.27%,27.2,0.18%,26.64,-2.06%,26.64,0%,26.64,0%,26.8,0.6%,27.63,3.1%,28.16,1.92%,28,-0.57%,28,0%,28,0%
LPSB3,1.82,0%,1.79,-1.65%,1.75,-2.23%,1.71,-2.29%,1.7,-0.58%,1.61,-5.29%,1.61,0%,1.61,0%,1.69,4.97%,1.69,0%,1.69,0%,1.61,-4.73%,1.61,0%,1.61,0%,1.62,0.62%,1.65,1.85%,1.65,0%,1.64,-0.61%,1.64,0%,1.64,0%
LREN3,15.06,0%,15.2,0.93%,15.12,-0.53%,15.09,-0.2%,15.15,0.4%,14.84,-2.05%,14.84,0%,14.84,0%,15.66,5.53%,15.68,0.13%,15.19,-3.13%,14.89,-1.97%,14.89,0%,14.89,0%,14.19,-4.7%,14.96,5.43%,14.96,0%,14.84,-0.8%,14.84,0%,14.84,0%
LWSA3,3.71,0%,3.75,1.08%,3.71,-1.07%,3.68,-0.81%,3.74,1.63%,3.63,-2.94%,3.63,0%,3.63,0%,3.84,5.79%,3.76,-2.08%,3.83,1.86%,3.65,-4.7%,3.65,0%,3.65,0%,3.6,-1.37%,3.8,5.56%,3.87,1.84%,3.86,-0.26%,3.86,0%,3.86,0%
MATD3,5.59,0%,5.71,2.15%,5.66,-0.88%,5.58,-1.41%,5.66,1.43%,5.49,-3%,5.49,0%,5.49,0%,5.8,5.65%,5.74,-1.03%,5.5,-4.18%,5.4,-1.82%,5.4,0%,5.4,0%,5.32,-1.48%,5.73,7.71%,5.75,0.35%,5.77,0.35%,5.77,0%,5.77,0%
MBRF3,16.9,0%,16.83,-0.41%,16.62,-1.25%,,,,,,,,,,,,,,,,,,,,,,,,,,,,,,,,,,
MDIA3,21.93,0%,21.9,-0.14%,21.96,0.27%,21.66,-1.37%,21.53,-0.6%,21.25,-1.3%,21.25,0%,21.25,0%,22.12,4.09%,21.86,-1.18%,21.92,0.27%,21.97,0.23%,21.97,0%,21.97,0%,21.96,-0.05%,23.01,4.78%,23.17,0.7%,23.04,-0.56%,23.04,0%,23.04,0%
MDNE3,29.7,0%,30.48,2.63%,30.48,0%,30.75,0.89%,30.9,0.49%,28.93,-6.38%,28.93,0%,28.93,0%,31.6,9.23%,31.57,-0.09%,31.06,-1.62%,30.27,-2.54%,30.27,0%,30.27,0%,30.2,-0.23%,32.25,6.79%,32.85,1.86%,32.48,-1.13%,32.48,0%,32.48,0%
MELK3,3.61,0%,3.7,2.49%,3.65,-1.35%,3.63,-0.55%,3.59,-1.1%,3.43,-4.46%,3.43,0%,3.43,0%,3.52,2.62%,3.42,-2.84%,3.36,-1.75%,3.35,-0.3%,3.35,0%,3.35,0%,3.34,-0.3%,3.44,2.99%,3.49,1.45%,3.45,-1.15%,3.45,0%,3.45,0%
MILS3,13.96,0%,14.06,0.72%,14.08,0.14%,13.82,-1.85%,13.75,-0.51%,13.29,-3.35%,13.29,0%,13.29,0%,13.84,4.14%,13.83,-0.07%,13.58,-1.81%,13.33,-1.84%,13.33,0%,13.33,0%,13.46,0.98%,13.83,2.75%,13.94,0.8%,13.85,-0.65%,13.85,0%,13.85,0%
MLAS3,,,,,,,,,,,,,,,,,,,,,,,,,,,,,1.24,0%,,,,,,,,,,
MOTV3,14.87,0%,15.25,2.56%,15.19,-0.39%,15.15,-0.26%,15.12,-0.2%,14.77,-2.31%,14.77,0%,14.77,0%,15.53,5.15%,15.36,-1.09%,15.27,-0.59%,15.26,-0.07%,15.26,0%,15.26,0%,15.24,-0.13%,15.81,3.74%,16.06,1.58%,16.19,0.81%,16.19,0%,16.19,0%
MRVE3,7.68,0%,7.65,-0.39%,7.67,0.26%,7.59,-1.04%,7.57,-0.26%,7.16,-5.42%,7.16,0%,7.16,0%,7.65,6.84%,7.74,1.18%,8.03,3.75%,7.66,-4.61%,7.66,0%,7.66,0%,7.58,-1.04%,7.87,3.83%,8.05,2.29%,7.93,-1.49%,7.93,0%,7.93,0%
MTRE3,3.7,0%,3.77,1.89%,3.84,1.86%,3.76,-2.08%,3.74,-0.53%,3.64,-2.67%,3.64,0%,3.64,0%,3.76,3.3%,3.73,-0.8%,3.7,-0.8%,3.67,-0.81%,3.67,0%,3.67,0%,3.66,-0.27%,3.77,3.01%,3.8,0.8%,3.8,0%,3.8,0%,3.8,0%
MULT3,29.92,0%,30.65,2.44%,30.85,0.65%,30.62,-0.75%,30.77,0.49%,29.92,-2.76%,29.92,0%,29.92,0%,31.49,5.25%,31.24,-0.79%,30.79,-1.44%,30.4,-1.27%,30.4,0%,30.4,0%,30.66,0.86%,31.81,3.75%,32.49,2.14%,32,-1.51%,32,0%,32,0%
MYPK3,9.2,0%,9.21,0.11%,9.24,0.33%,9.08,-1.73%,9.1,0.22%,8.87,-2.53%,8.87,0%,8.87,0%,9.22,3.95%,9.05,-1.84%,9.04,-0.11%,8.84,-2.21%,8.84,0%,8.84,0%,8.97,1.47%,9.14,1.9%,9.41,2.95%,9.26,-1.59%,9.26,0%,9.26,0%
NATU3,8.66,0%,8.63,-0.35%,9.36,8.46%,9.35,-0.11%,9.75,4.28%,9.21,-5.54%,9.21,0%,9.21,0%,9.9,7.49%,9.72,-1.82%,9.52,-2.06%,9.24,-2.94%,9.24,0%,9.24,0%,9.24,0%,10.44,12.99%,10.35,-0.86%,10.35,0%,10.35,0%,10.35,0%
NEOE3,33.06,0%,33.1,0.12%,33.14,0.12%,33.15,0.03%,33.22,0.21%,33.2,-0.06%,33.2,0%,33.2,0%,33.22,0.06%,33.24,0.06%,33.29,0.15%,33.3,0.03%,33.3,0%,33.3,0%,33.35,0.15%,33.35,0%,33.36,0.03%,33.35,-0.03%,33.35,0%,33.35,0%
ODPV3,13.2,0%,13.21,0.08%,13.27,0.45%,13.1,-1.28%,13.27,1.3%,13,-2.03%,13,0%,13,0%,13.3,2.31%,13.28,-0.15%,13.4,0.9%,13.28,-0.9%,13.28,0%,13.28,0%,13.23,-0.38%,13.43,1.51%,13.74,2.31%,13.74,0%,13.74,0%,13.74,0%
ONCO3,,,,,,,,,,,,,,,,,2.45,0%,,,,,,,,,,,,,,,,,,,,,,
OPCT3,9.1,0%,8.92,-1.98%,8.85,-0.78%,8.95,1.13%,8.96,0.11%,8.83,-1.45%,8.83,0%,8.83,0%,9.16,3.74%,9.22,0.66%,9.01,-2.28%,8.82,-2.11%,8.82,0%,8.82,0%,8.87,0.57%,9.06,2.14%,,,,,,,,
PCAR3,2.33,0%,2.36,1.29%,2.27,-3.81%,2.06,-9.25%,2.02,-1.94%,,,,,,,2.16,6.93%,2.23,3.24%,2.42,8.52%,2.39,-1.24%,2.39,0%,2.39,0%,2.28,-4.6%,2.21,-3.07%,2.07,-6.33%,2.07,0%,2.07,0%,2.07,0%
PETR3,49.38,0%,50.12,1.5%,50.73,1.22%,51.63,1.77%,51.57,-0.12%,50.34,-2.39%,50.34,0%,50.34,0%,50.68,0.68%,51.95,2.51%,53.37,2.73%,54.3,1.74%,54.3,0%,54.3,0%,54.65,0.64%,53.91,-1.35%,51.93,-3.67%,53.1,2.25%,53.1,0%,53.1,0%
PETR4,44.67,0%,45.58,2.04%,46.38,1.76%,47,1.34%,46.78,-0.47%,45.67,-2.37%,45.67,0%,45.67,0%,46.03,0.79%,47.27,2.69%,48.02,1.59%,49.41,2.89%,49.41,0%,49.41,0%,49.67,0.53%,48.67,-2.01%,47.37,-2.67%,48.15,1.65%,48.15,0%,48.15,0%
PFRM3,8.1,0%,8.41,3.83%,8.4,-0.12%,7.9,-5.95%,7.5,-5.06%,7.39,-1.47%,7.39,0%,7.39,0%,7.63,3.25%,7.41,-2.88%,7.34,-0.94%,7.35,0.14%,7.35,0%,7.35,0%,7.66,4.22%,8.27,7.96%,8.34,0.85%,8.6,3.12%,8.6,0%,8.6,0%
PGMN3,6.04,0%,6.16,1.99%,6.17,0.16%,6.1,-1.13%,6.15,0.82%,5.99,-2.6%,5.99,0%,5.99,0%,6.32,5.51%,6.3,-0.32%,6.3,0%,6.12,-2.86%,6.12,0%,6.12,0%,6.13,0.16%,6.21,1.31%,5.99,-3.54%,5.79,-3.34%,5.79,0%,5.79,0%
PINE4,11.57,0%,11.74,1.47%,11.7,-0.34%,11.6,-0.85%,11.7,0.86%,11.3,-3.42%,11.3,0%,11.3,0%,12.29,8.76%,12.25,-0.33%,12.39,1.14%,12.59,1.61%,12.59,0%,12.59,0%,12.66,0.56%,13.28,4.9%,13.58,2.26%,14.06,3.53%,14.06,0%,14.06,0%
PLPL3,14.35,0%,14.07,-1.95%,14.48,2.91%,14.2,-1.93%,14.01,-1.34%,12.94,-7.64%,12.94,0%,12.94,0%,13.82,6.8%,13.8,-0.14%,13.33,-3.41%,13.03,-2.25%,13.03,0%,13.03,0%,12.93,-0.77%,13.33,3.09%,13.92,4.43%,13.63,-2.08%,13.63,0%,13.63,0%
POMO3,5.52,0%,5.58,1.09%,5.63,0.9%,5.56,-1.24%,5.54,-0.36%,5.45,-1.62%,5.45,0%,5.45,0%,5.81,6.61%,5.77,-0.69%,5.71,-1.04%,5.63,-1.4%,5.63,0%,5.63,0%,5.66,0.53%,5.81,2.65%,5.9,1.55%,5.89,-0.17%,5.89,0%,5.89,0%
POMO4,5.89,0%,5.93,0.68%,5.96,0.51%,5.86,-1.68%,5.9,0.68%,5.77,-2.2%,5.77,0%,5.77,0%,6.13,6.24%,6.12,-0.16%,6.12,0%,6.02,-1.63%,6.02,0%,6.02,0%,6.02,0%,6.2,2.99%,6.23,0.48%,6.2,-0.48%,6.2,0%,6.2,0%
POSI3,4.51,0%,4.56,1.11%,4.41,-3.29%,4.37,-0.91%,4.46,2.06%,4.2,-5.83%,4.2,0%,4.2,0%,4.2,0%,4.14,-1.43%,4.07,-1.69%,4.02,-1.23%,4.02,0%,4.02,0%,3.98,-1%,4.1,3.02%,4.21,2.68%,4.3,2.14%,4.3,0%,4.3,0%
PRNR3,19.4,0%,20.36,4.95%,20.1,-1.28%,19.9,-1%,19.6,-1.51%,18.9,-3.57%,18.9,0%,18.9,0%,19.83,4.92%,19.49,-1.71%,19.02,-2.41%,18.61,-2.16%,18.61,0%,18.61,0%,18.52,-0.48%,19.5,5.29%,19.61,0.56%,20.01,2.04%,20.01,0%,20.01,0%
PSSA3,49.31,0%,47.34,-4%,48,1.39%,47.65,-0.73%,48.5,1.78%,47.45,-2.16%,47.45,0%,47.45,0%,49.17,3.62%,49,-0.35%,49.13,0.27%,48.73,-0.81%,48.73,0%,48.73,0%,49.44,1.46%,50.51,2.16%,49.85,-1.31%,50.54,1.38%,50.54,0%,50.54,0%
PTBL3,3.13,0%,3.2,2.24%,3.17,-0.94%,3.17,0%,3.04,-4.1%,3.02,-0.66%,3.02,0%,3.02,0%,3.15,4.3%,3.17,0.63%,3.17,0%,3.07,-3.15%,3.07,0%,3.07,0%,3.06,-0.33%,2.96,-3.27%,2.73,-7.77%,2.43,-10.99%,2.43,0%,2.43,0%
PTNT4,8.5,0%,8.55,0.59%,8.57,0.23%,8.57,0%,,,,,,,,,8.6,0.35%,,,,,,,,,,,,,,,,,,,,,,
RADL3,23.58,0%,23.36,-0.93%,23.42,0.26%,23.18,-1.02%,23.11,-0.3%,22.48,-2.73%,22.48,0%,22.48,0%,23.28,3.56%,23.55,1.16%,23.76,0.89%,23.3,-1.94%,23.3,0%,23.3,0%,23.29,-0.04%,23.53,1.03%,22.76,-3.27%,21.86,-3.95%,21.86,0%,21.86,0%
RAIL3,16.26,0%,16.4,0.86%,16.31,-0.55%,16.08,-1.41%,16.19,0.68%,16.12,-0.43%,16.12,0%,16.12,0%,16.85,4.53%,16.52,-1.96%,16,-3.15%,15.73,-1.69%,15.73,0%,15.73,0%,15.6,-0.83%,16.25,4.17%,16.18,-0.43%,16.1,-0.49%,16.1,0%,16.1,0%
RANI3,9.1,0%,9.17,0.77%,9.33,1.74%,9.23,-1.07%,9.17,-0.65%,8.97,-2.18%,8.97,0%,8.97,0%,9.43,5.13%,9.3,-1.38%,9.45,1.61%,9.42,-0.32%,9.42,0%,9.42,0%,9.48,0.64%,9.77,3.06%,9.71,-0.61%,9.55,-1.65%,9.55,0%,9.55,0%
RAPT4,4.99,0%,4.8,-3.81%,4.86,1.25%,4.72,-2.88%,4.83,2.33%,4.7,-2.69%,4.7,0%,4.7,0%,5.02,6.81%,5.1,1.59%,5.07,-0.59%,5.06,-0.2%,5.06,0%,5.06,0%,5.32,5.14%,5.55,4.32%,5.49,-1.08%,5.34,-2.73%,5.34,0%,5.34,0%
RDOR3,36.6,0%,37.04,1.2%,37.17,0.35%,37.02,-0.4%,37.17,0.41%,37.23,0.16%,37.23,0%,37.23,0%,38.9,4.49%,38.82,-0.21%,38.38,-1.13%,37.71,-1.75%,37.71,0%,37.71,0%,37.85,0.37%,38.97,2.96%,39.44,1.21%,39.78,0.86%,39.78,0%,39.78,0%
RECV3,12.84,0%,13.13,2.26%,13.65,3.96%,13.74,0.66%,13.43,-2.26%,12.72,-5.29%,12.72,0%,12.72,0%,13.08,2.83%,13.09,0.08%,13.3,1.6%,13.58,2.11%,13.58,0%,13.58,0%,13.95,2.72%,14.03,0.57%,13.6,-3.06%,13.7,0.74%,13.7,0%,13.7,0%
RIAA3,8.42,0%,8.66,2.85%,8.73,0.81%,8.64,-1.03%,8.56,-0.93%,8.52,-0.47%,8.52,0%,8.52,0%,9.27,8.8%,9.41,1.51%,9.19,-2.34%,8.96,-2.5%,8.96,0%,8.96,0%,9.13,1.9%,9.3,1.86%,9.44,1.51%,9.5,0.64%,9.5,0%,9.5,0%
ROMI3,7.9,0%,7.79,-1.39%,7.77,-0.26%,7.54,-2.96%,7.33,-2.79%,7.16,-2.32%,7.16,0%,7.16,0%,7.32,2.23%,7.27,-0.68%,7.16,-1.51%,7.03,-1.82%,7.03,0%,7.03,0%,7.02,-0.14%,7.15,1.85%,7.2,0.7%,7.39,2.64%,7.39,0%,7.39,0%
SANB11,30.22,0%,30.46,0.79%,30.1,-1.18%,29.65,-1.5%,29.99,1.15%,29.25,-2.47%,29.25,0%,29.25,0%,30.16,3.11%,29.97,-0.63%,29.61,-1.2%,29.31,-1.01%,29.31,0%,29.31,0%,29.52,0.72%,30.64,3.79%,31.2,1.83%,31.23,0.1%,31.23,0%,31.23,0%
SANB3,14.98,0%,15.03,0.33%,15.05,0.13%,14.68,-2.46%,14.92,1.63%,14.45,-3.15%,14.45,0%,14.45,0%,15,3.81%,14.9,-0.67%,14.68,-1.48%,14.31,-2.52%,14.31,0%,14.31,0%,14.38,0.49%,14.83,3.13%,15.42,3.98%,15.3,-0.78%,15.3,0%,15.3,0%
SANB4,15.34,0%,15.44,0.65%,15.31,-0.84%,15.09,-1.44%,15.11,0.13%,14.83,-1.85%,14.83,0%,14.83,0%,15.25,2.83%,15.06,-1.25%,14.97,-0.6%,15.05,0.53%,15.05,0%,15.05,0%,15.02,-0.2%,15.7,4.53%,15.85,0.96%,15.91,0.38%,15.91,0%,15.91,0%
SAPR11,39.47,0%,40.73,3.19%,41.54,1.99%,41.42,-0.29%,42.09,1.62%,42.67,1.38%,42.67,0%,42.67,0%,44.85,5.11%,41.91,-6.56%,43.06,2.74%,42.71,-0.81%,42.71,0%,42.71,0%,43.06,0.82%,44.53,3.41%,45.8,2.85%,45.63,-0.37%,45.63,0%,45.63,0%
SAPR3,8.83,0%,9.13,3.4%,9.28,1.64%,9.36,0.86%,9.48,1.28%,9.99,5.38%,9.99,0%,9.99,0%,10.52,5.31%,9.8,-6.84%,9.94,1.43%,10.05,1.11%,10.05,0%,10.05,0%,9.9,-1.49%,10.43,5.35%,10.72,2.78%,10.61,-1.03%,10.61,0%,10.61,0%
SAPR4,7.73,0%,7.93,2.59%,8,0.88%,7.99,-0.12%,8.11,1.5%,8.14,0.37%,8.14,0%,8.14,0%,8.58,5.41%,8.04,-6.29%,8.2,1.99%,8.18,-0.24%,8.18,0%,8.18,0%,8.25,0.86%,8.51,3.15%,8.7,2.23%,8.75,0.57%,8.75,0%,8.75,0%
SBFG3,11.31,0%,11.52,1.86%,11.35,-1.48%,11.29,-0.53%,11.42,1.15%,11,-3.68%,11,0%,11,0%,11.7,6.36%,11.78,0.68%,11.94,1.36%,11.63,-2.6%,11.63,0%,11.63,0%,11.72,0.77%,12.29,4.86%,12.45,1.3%,12.44,-0.08%,12.44,0%,12.44,0%
SBSP3,145.14,0%,145.62,0.33%,149.5,2.66%,147.25,-1.51%,152.82,3.78%,148.5,-2.83%,148.5,0%,148.5,0%,152.54,2.72%,152.71,0.11%,152.84,0.09%,151.12,-1.13%,151.12,0%,151.12,0%,154.1,1.97%,158.24,2.69%,156.13,-1.33%,157.6,0.94%,157.6,0%,157.6,0%
SCAR3,13.69,0%,13.94,1.83%,13.98,0.29%,13.61,-2.65%,13.83,1.62%,13.23,-4.34%,13.23,0%,13.23,0%,13.87,4.84%,13.99,0.87%,15.02,7.36%,15.11,0.6%,15.11,0%,15.11,0%,14.39,-4.77%,15,4.24%,15,0%,14.87,-0.87%,14.87,0%,14.87,0%
SEER3,10.36,0%,10.37,0.1%,10.46,0.87%,10.28,-1.72%,10.23,-0.49%,10.16,-0.68%,10.16,0%,10.16,0%,10.52,3.54%,10.59,0.67%,12.38,16.9%,12.32,-0.48%,12.32,0%,12.32,0%,12.38,0.49%,13.25,7.03%,13.72,3.55%,13.54,-1.31%,13.54,0%,13.54,0%
SHUL4,5.25,0%,5.3,0.95%,5.26,-0.75%,5.21,-0.95%,5.22,0.19%,5.14,-1.53%,5.14,0%,5.14,0%,5.25,2.14%,5.3,0.95%,5.28,-0.38%,5.15,-2.46%,5.15,0%,5.15,0%,5.1,-0.97%,5.18,1.57%,5.2,0.39%,5.2,0%,5.2,0%,5.2,0%
SIMH3,10.83,0%,11.03,1.85%,10.93,-0.91%,10.88,-0.46%,10.74,-1.29%,10.31,-4%,10.31,0%,10.31,0%,11.25,9.12%,11.22,-0.27%,11.11,-0.98%,10.67,-3.96%,10.67,0%,10.67,0%,,,,,,,,,,,,
SLCE3,18,0%,18.09,0.5%,18.32,1.27%,18.01,-1.69%,18.21,1.11%,18.21,0%,18.21,0%,18.21,0%,18.25,0.22%,18.48,1.26%,18.37,-0.6%,18.64,1.47%,18.64,0%,18.64,0%,18.58,-0.32%,18.71,0.7%,18.17,-2.89%,18.47,1.65%,18.47,0%,18.47,0%
SMFT3,18.18,0%,18.53,1.93%,18.74,1.13%,18.49,-1.33%,18.65,0.87%,18.14,-2.73%,18.14,0%,18.14,0%,19.04,4.96%,18.8,-1.26%,18.75,-0.27%,18.43,-1.71%,18.43,0%,18.43,0%,18.52,0.49%,19.16,3.46%,19.49,1.72%,19.09,-2.05%,19.09,0%,19.09,0%
SMTO3,17.13,0%,17.64,2.98%,18.06,2.38%,18.18,0.66%,19,4.51%,18.78,-1.16%,18.78,0%,18.78,0%,19.15,1.97%,19.95,4.18%,20.7,3.76%,20.37,-1.59%,20.37,0%,20.37,0%,21.42,5.15%,21.2,-1.03%,19.71,-7.03%,20.35,3.25%,20.35,0%,20.35,0%
SOJA3,8.06,0%,8.09,0.37%,8.16,0.87%,8.12,-0.49%,8.13,0.12%,8.15,0.25%,8.15,0%,8.15,0%,8.06,-1.1%,,,6.8,-15.63%,6.75,-0.74%,6.75,0%,6.75,0%,6.95,2.96%,,,,,,,,,,
SUZB3,53.4,0%,53.15,-0.47%,53.11,-0.08%,52.56,-1.04%,51.12,-2.74%,50.18,-1.84%,50.18,0%,50.18,0%,51.62,2.87%,51.17,-0.87%,50.8,-0.72%,50.44,-0.71%,50.44,0%,50.44,0%,50.56,0.24%,51.9,2.65%,52.09,0.37%,50.85,-2.38%,50.85,0%,50.85,0%
SYNE3,4.57,0%,4.67,2.19%,4.66,-0.21%,4.62,-0.86%,4.65,0.65%,4.52,-2.8%,4.52,0%,4.52,0%,4.75,5.09%,4.62,-2.74%,4.7,1.73%,4.13,-12.13%,4.13,0%,4.13,0%,3.83,-7.26%,4.02,4.96%,4.04,0.5%,4.1,1.49%,4.1,0%,4.1,0%
TAEE11,42.2,0%,42.63,1.02%,42.32,-0.73%,41.85,-1.11%,42.13,0.67%,40.83,-3.09%,40.83,0%,40.83,0%,42.46,3.99%,41.99,-1.11%,41.81,-0.43%,41.11,-1.67%,41.11,0%,41.11,0%,41.61,1.22%,43.01,3.36%,42.79,-0.51%,42.83,0.09%,42.83,0%,42.83,0%
TAEE3,13.85,0%,14.01,1.16%,13.97,-0.29%,13.74,-1.65%,13.86,0.87%,13.49,-2.67%,13.49,0%,13.49,0%,13.9,3.04%,13.85,-0.36%,13.75,-0.72%,13.67,-0.58%,13.67,0%,13.67,0%,13.7,0.22%,14.1,2.92%,14.14,0.28%,14.07,-0.5%,14.07,0%,14.07,0%
TAEE4,14.17,0%,14.35,1.27%,14.35,0%,14.06,-2.02%,14.09,0.21%,13.78,-2.2%,13.78,0%,13.78,0%,14.3,3.77%,14.15,-1.05%,14.15,0%,13.93,-1.55%,13.93,0%,13.93,0%,13.88,-0.36%,14.5,4.47%,14.38,-0.83%,14.41,0.21%,14.41,0%,14.41,0%
TASA3,5.34,0%,5.47,2.43%,5.45,-0.37%,5.37,-1.47%,5.44,1.3%,5.45,0.18%,5.45,0%,5.45,0%,,,,,,,,,,,,,,,,,,,,,,,,
TASA4,5.34,0%,5.38,0.75%,5.38,0%,5.28,-1.86%,5.35,1.33%,5.37,0.37%,5.37,0%,5.37,0%,5.42,0.93%,,,,,,,,,,,,,,,,,,,,,,
TECN3,8.4,0%,8.41,0.12%,8.51,1.19%,8.55,0.47%,8.48,-0.82%,8.43,-0.59%,8.43,0%,8.43,0%,8.52,1.07%,8.3,-2.58%,8.22,-0.96%,8.37,1.82%,8.37,0%,8.37,0%,8.42,0.6%,8.9,5.7%,9.04,1.57%,9.06,0.22%,9.06,0%,9.06,0%
TEND3,29.03,0%,29.3,0.93%,30.05,2.56%,30.45,1.33%,30.23,-0.72%,29.13,-3.64%,29.13,0%,29.13,0%,31.58,8.41%,30.9,-2.15%,29.99,-2.94%,29.42,-1.9%,29.42,0%,29.42,0%,29.52,0.34%,31.2,5.69%,31.3,0.32%,31.4,0.32%,31.4,0%,31.4,0%
TFCO4,15.93,0%,16.48,3.45%,16.44,-0.24%,16.44,0%,16.31,-0.79%,15.59,-4.41%,15.59,0%,15.59,0%,16.41,5.26%,16.37,-0.24%,15.99,-2.32%,15.77,-1.38%,15.77,0%,15.77,0%,15.57,-1.27%,16.37,5.14%,16.43,0.37%,16.09,-2.07%,16.09,0%,16.09,0%
TGMA3,31.45,0%,31.5,0.16%,29.88,-5.14%,28.26,-5.42%,27.56,-2.48%,28,1.6%,28,0%,28,0%,29.5,5.36%,29.32,-0.61%,29.46,0.48%,29.3,-0.54%,29.3,0%,29.3,0%,30.14,2.87%,31.28,3.78%,31.84,1.79%,30.95,-2.8%,30.95,0%,30.95,0%
TOTS3,34.59,0%,35.12,1.53%,34.68,-1.25%,33.78,-2.6%,34.15,1.1%,33.96,-0.56%,33.96,0%,33.96,0%,35.05,3.21%,34.99,-0.17%,34.63,-1.03%,34.25,-1.1%,34.25,0%,34.25,0%,34.02,-0.67%,34.94,2.7%,34.91,-0.09%,34.99,0.23%,34.99,0%,34.99,0%
TRIS3,5.93,0%,5.87,-1.01%,5.63,-4.09%,5.72,1.6%,5.62,-1.75%,5.4,-3.91%,5.4,0%,5.4,0%,5.77,6.85%,5.68,-1.56%,5.67,-0.18%,5.55,-2.12%,5.55,0%,5.55,0%,5.54,-0.18%,5.77,4.15%,5.88,1.91%,5.83,-0.85%,5.83,0%,5.83,0%
TTEN3,14.77,0%,15.02,1.69%,14.96,-0.4%,14.82,-0.94%,15.28,3.1%,15.41,0.85%,15.41,0%,15.41,0%,15.52,0.71%,15.4,-0.77%,15.67,1.75%,15.46,-1.34%,15.46,0%,15.46,0%,15.49,0.19%,16,3.29%,16.03,0.19%,15.95,-0.5%,15.95,0%,15.95,0%
TUPY3,12.32,0%,12,-2.6%,11.94,-0.5%,11.92,-0.17%,11.5,-3.52%,11.42,-0.7%,11.42,0%,11.42,0%,12.31,7.79%,12.06,-2.03%,12.06,0%,12.27,1.74%,12.27,0%,12.27,0%,12.78,4.16%,13.47,5.4%,13.37,-0.74%,12.9,-3.52%,12.9,0%,12.9,0%
UGPA3,26.12,0%,25.94,-0.69%,26.43,1.89%,26.22,-0.79%,26.78,2.14%,26.16,-2.32%,26.16,0%,26.16,0%,27.42,4.82%,,,,,,,,,,,,,,,,,,,,,,
UNIP3,63.35,0%,62.87,-0.76%,63,0.21%,61,-3.17%,,,,,,,,,,,,,,,,,,,,,,,,,,,,,,,,
UNIP6,66.22,0%,66.51,0.44%,66.83,0.48%,63.15,-5.51%,,,,,,,,,,,,,,,,,,,,,,,,,,,,,,,,
USIM3,6.38,0%,6.38,0%,6.58,3.13%,6.5,-1.22%,6.41,-1.38%,6.2,-3.28%,6.2,0%,6.2,0%,6.64,7.1%,6.67,0.45%,6.74,1.05%,6.59,-2.23%,6.59,0%,6.59,0%,6.6,0.15%,6.66,0.91%,6.7,0.6%,6.69,-0.15%,6.69,0%,6.69,0%
USIM5,6.38,0%,6.49,1.72%,6.62,2%,6.47,-2.27%,6.37,-1.55%,6.31,-0.94%,6.31,0%,6.31,0%,6.6,4.6%,6.72,1.82%,6.68,-0.6%,6.59,-1.35%,6.59,0%,6.59,0%,6.63,0.61%,6.74,1.66%,6.77,0.45%,6.77,0%,6.77,0%,6.77,0%
VALE3,78.3,0%,78.84,0.69%,78.96,0.15%,77.13,-2.32%,76.63,-0.65%,75.55,-1.41%,75.55,0%,75.55,0%,77.49,2.57%,78.1,0.79%,78.91,1.04%,79,0.11%,79,0%,79,0%,79.5,0.63%,82.48,3.75%,83,0.63%,83.55,0.66%,83.55,0%,83.55,0%
VAMO3,,,,,,,,,,,,,,,,,,,,,3.75,0%,3.77,0.53%,3.77,0%,3.77,0%,3.63,-3.71%,3.72,2.48%,3.77,1.34%,3.69,-2.12%,3.69,0%,3.69,0%
VITT3,4.01,0%,4.29,6.98%,4.14,-3.5%,4.22,1.93%,4.22,0%,4.19,-0.71%,4.19,0%,4.19,0%,4.21,0.48%,4.1,-2.61%,,,,,,,,,,,,,,,,,,,,
VIVA3,25,0%,25.3,1.2%,25.08,-0.87%,24.69,-1.56%,25.04,1.42%,25.59,2.2%,25.59,0%,25.59,0%,26.64,4.1%,26.42,-0.83%,26.79,1.4%,25.75,-3.88%,25.75,0%,25.75,0%,25.2,-2.14%,25.91,2.82%,26.54,2.43%,26.3,-0.9%,26.3,0%,26.3,0%
VLID3,19.95,0%,20.15,1%,20.17,0.1%,19.85,-1.59%,19.72,-0.65%,19.67,-0.25%,19.67,0%,19.67,0%,20.56,4.52%,19.91,-3.16%,20.19,1.41%,20.17,-0.1%,20.17,0%,20.17,0%,20,-0.84%,20.3,1.5%,20.45,0.74%,19.97,-2.35%,19.97,0%,19.97,0%
VTRU3,13.2,0%,13.45,1.89%,13.45,0%,14.2,5.58%,14.57,2.61%,14.16,-2.81%,14.16,0%,14.16,0%,15.19,7.27%,14.9,-1.91%,13.86,-6.98%,13.37,-3.54%,13.37,0%,13.37,0%,13.3,-0.52%,13.68,2.86%,14.3,4.53%,14.6,2.1%,14.6,0%,14.6,0%
VULC3,16.41,0%,16.64,1.4%,16.5,-0.84%,16.33,-1.03%,16.32,-0.06%,16.23,-0.55%,16.23,0%,16.23,0%,16.89,4.07%,17.14,1.48%,17.26,0.7%,16.85,-2.38%,16.85,0%,16.85,0%,16.97,0.71%,17.52,3.24%,17.55,0.17%,17.58,0.17%,17.58,0%,17.58,0%
WIZC3,8.97,0%,9.03,0.67%,9,-0.33%,8.89,-1.22%,8.88,-0.11%,8.43,-5.07%,8.43,0%,8.43,0%,8.67,2.85%,8.75,0.92%,8.68,-0.8%,8.59,-1.04%,8.59,0%,8.59,0%,8.73,1.63%,8.93,2.29%,9.16,2.58%,9.2,0.44%,9.2,0%,9.2,0%
YDUQ3,10.17,0%,10.4,2.26%,10.38,-0.19%,9.9,-4.62%,10.13,2.32%,10.27,1.38%,10.27,0%,10.27,0%,11,7.11%,11.11,1%,11.16,0.45%,11.17,0.09%,11.17,0%,11.17,0%,11.59,3.76%,12.11,4.49%,12.03,-0.66%,11.72,-2.58%,11.72,0%,11.72,0%
